namedroppertest1001@mailinator.com,fueingrytqx,nomdjptwtb
namedroppertest1002@mailinator.com,fnrxgqyeuit,jmptbwtndo
namedroppertest1003@mailinator.com,qxiyrngeuft,jotnmwtbpd
namedroppertest1004@mailinator.com,freingtuqyx,omdpwttjnb
namedroppertest1005@mailinator.com,unietrgyfxq,pdbotwtnjm
namedroppertest1006@mailinator.com,ngqxtrufiey,ttpobdjnmw
namedroppertest1007@mailinator.com,ngyfruqeixt,jbmwnttpod
namedroppertest1008@mailinator.com,ftyiurnegqx,tpdbntowjm
namedroppertest1009@mailinator.com,rqfgnxyueit,wtjodptnbm
namedroppertest1010@mailinator.com,unxrifeytqg,ndtpowbtjm
namedroppertest1011@mailinator.com,iyxngfqreut,dtjwbpmnot
namedroppertest1012@mailinator.com,eqtyxfnguri,bowpdtntmj
namedroppertest1013@mailinator.com,rxuyngfqtie,ojtwbdntpm
namedroppertest1014@mailinator.com,tgyriuqexnf,jtwotmpbnd
namedroppertest1015@mailinator.com,iqruetgynxf,jnbdtmotpw
namedroppertest1016@mailinator.com,egxufrnqtyi,wodjmnptbt
namedroppertest1017@mailinator.com,erqyxtniufg,npojdwtmtb
namedroppertest1018@mailinator.com,fexyriqtugn,jntwombtpd
namedroppertest1019@mailinator.com,fgnryquietx,ombptdntwj
namedroppertest1020@mailinator.com,genxuqtfyri,mnowjttbdp
namedroppertest1021@mailinator.com,yengqfxiurt,bdjotwptmn
namedroppertest1022@mailinator.com,xerfgnquity,dtpnbjomwt
namedroppertest1023@mailinator.com,tyqfgrxueni,wtombtndjp
namedroppertest1024@mailinator.com,efuyxqgintr,tbpjdtwnom
namedroppertest1025@mailinator.com,xqunityegfr,tpdtnjmbow
namedroppertest1026@mailinator.com,nyrgixqeuft,wpotmbdjtn
namedroppertest1027@mailinator.com,nuftrgqxeyi,pbnttojwdm
namedroppertest1028@mailinator.com,xnferiygtuq,twjpmtnbdo
namedroppertest1029@mailinator.com,nqgurixtefy,mtwjpbndot
namedroppertest1030@mailinator.com,ryufextniqg,onmpwdbjtt
namedroppertest1031@mailinator.com,yingrqtxfeu,jmbnttdpwo
namedroppertest1032@mailinator.com,nfrexiqguyt,domnbptwjt
namedroppertest1033@mailinator.com,rgnuxyftieq,pntjowmbdt
namedroppertest1034@mailinator.com,nretifquyxg,pomnwtbtdj
namedroppertest1035@mailinator.com,nyxqeirfugt,tnpbjtmwod
namedroppertest1036@mailinator.com,xygfnueritq,pdnmojtbtw
namedroppertest1037@mailinator.com,quynritxegf,mtjdwnpbto
namedroppertest1038@mailinator.com,xnyquiretfg,dmwnojbttp
namedroppertest1039@mailinator.com,itgxeqryfun,dmtpnjwbto
namedroppertest1040@mailinator.com,yqtguinfxre,tjdtowmnbp
namedroppertest1041@mailinator.com,niugrextyqf,wpdbtjtonm
namedroppertest1042@mailinator.com,qiufgrnyxet,topjmwbtdn
namedroppertest1043@mailinator.com,ueqrytixgfn,tnpbojdtwm
namedroppertest1044@mailinator.com,gqtneryuxfi,pobnjwdmtt
namedroppertest1045@mailinator.com,fyuiregxqtn,tobjpdntmw
namedroppertest1046@mailinator.com,iyqnfrtexug,dnopttjmwb
namedroppertest1047@mailinator.com,ueftiynrgqx,tdbtpjwmno
namedroppertest1048@mailinator.com,utgyirexqfn,tnptjwbodm
namedroppertest1049@mailinator.com,qgrtyxufien,dtpbnjotmw
namedroppertest1050@mailinator.com,rqtunfyeigx,wnjtopdmtb
namedroppertest1051@mailinator.com,uigyqnftrxe,wopnjbtdmt
namedroppertest1052@mailinator.com,tgnxefquyir,twmponbtjd
namedroppertest1053@mailinator.com,tegnqrxyiuf,mnotpbjdwt
namedroppertest1054@mailinator.com,tqruifnygex,mtontdbjwp
namedroppertest1055@mailinator.com,txgirfneuyq,bdpjtnowmt
namedroppertest1056@mailinator.com,quyxtnfirge,mdjttbwnpo
namedroppertest1057@mailinator.com,rxnuigfqtye,mpwjndtobt
namedroppertest1058@mailinator.com,gyxfinurqte,pmtwnjotdb
namedroppertest1059@mailinator.com,nurxiyfqgte,omptndtjbw
namedroppertest1060@mailinator.com,xtyqufngeir,omtwtpjdbn
namedroppertest1061@mailinator.com,xqytengurfi,tbtodpmjwn
namedroppertest1062@mailinator.com,nexytrqifgu,ndbjtwotmp
namedroppertest1063@mailinator.com,qtgxyniufre,mttonwjbpd
namedroppertest1064@mailinator.com,refytxinqgu,tpmnjdowbt
namedroppertest1065@mailinator.com,frygqxtnieu,obdmjwnptt
namedroppertest1066@mailinator.com,rntyufgxieq,wjbmtnodpt
namedroppertest1067@mailinator.com,xrtiuyefqng,nbopwtjmdt
namedroppertest1068@mailinator.com,fgiutyenqrx,tjpwdtnbom
namedroppertest1069@mailinator.com,tgryuiefnqx,pmonbwtdjt
namedroppertest1070@mailinator.com,enrgxyitfqu,wtjbdptomn
namedroppertest1071@mailinator.com,infugerxtqy,obdmpttwnj
namedroppertest1072@mailinator.com,gteqixynurf,bomnwtdpjt
namedroppertest1073@mailinator.com,erqntgfxyiu,dwbotmjntp
namedroppertest1074@mailinator.com,qrtefuygixn,pbjwondttm
namedroppertest1075@mailinator.com,xryigueqntf,wodjbnttmp
namedroppertest1076@mailinator.com,fytinqreugx,npwmjdobtt
namedroppertest1077@mailinator.com,ngiyrfexqut,tbmowpntdj
namedroppertest1078@mailinator.com,qtnuigyferx,twptjbodnm
namedroppertest1079@mailinator.com,yeftnruqigx,omjnbdttwp
namedroppertest1080@mailinator.com,yegrutixqfn,ptdbtnmjwo
namedroppertest1081@mailinator.com,yiteqnrgfux,wjtdmpnotb
namedroppertest1082@mailinator.com,txgnuryifeq,nwbtptojdm
namedroppertest1083@mailinator.com,eiqnfgyuxtr,ombtptdnjw
namedroppertest1084@mailinator.com,ueyqrtgnxif,mbtpwotndj
namedroppertest1085@mailinator.com,xftyrgnuqei,nbjtdwtmpo
namedroppertest1086@mailinator.com,gxeyqifutrn,mbtwndojtp
namedroppertest1087@mailinator.com,ynxrgeqiutf,nojtbwtdmp
namedroppertest1088@mailinator.com,ngeqyruxitf,tbtmojnpwd
namedroppertest1089@mailinator.com,etnquyixrgf,mnpdotwjtb
namedroppertest1090@mailinator.com,gxeqitfruyn,twtjmpbdno
namedroppertest1091@mailinator.com,gxretufnyqi,ptjdombntw
namedroppertest1092@mailinator.com,yrftiqenxug,tjpnmbdtwo
namedroppertest1093@mailinator.com,gyinrqutfxe,nbwtpdojtm
namedroppertest1094@mailinator.com,uinrxyftgeq,dwbtpmjont
namedroppertest1095@mailinator.com,eyfitqrxugn,otwdmpjnbt
namedroppertest1096@mailinator.com,nqetguyifxr,jodwtnptbm
namedroppertest1097@mailinator.com,fnyueixqrgt,bmwdtptjno
namedroppertest1098@mailinator.com,qxnfiugetry,tpdnbjwmot
namedroppertest1099@mailinator.com,exiryugtnqf,nbjtoptwdm
namedroppertest1100@mailinator.com,gexqriyftnu,omwttpnjbd
namedroppertest1101@mailinator.com,yiefntxqgru,nwmjtptobd
namedroppertest1102@mailinator.com,nfgtxeuyqri,wjbpnmodtt
namedroppertest1103@mailinator.com,qyntfugixre,dttownjmbp
namedroppertest1104@mailinator.com,etfuxgqinyr,njpttowmdb
namedroppertest1105@mailinator.com,egiyuxfrtqn,tjtnwbpmdo
namedroppertest1106@mailinator.com,nqrytefguxi,ttjopdmbwn
namedroppertest1107@mailinator.com,xienyuqfrtg,mtnodbtwpj
namedroppertest1108@mailinator.com,irutqnfyegx,ojmntpbtdw
namedroppertest1109@mailinator.com,xfernytuqig,bmtnodjwtp
namedroppertest1110@mailinator.com,fyqgenrutxi,ojwntbptmd
namedroppertest1111@mailinator.com,qxtyruefgni,dtwtjmonpb
namedroppertest1112@mailinator.com,uxfgiqyertn,wotmbjtnpd
namedroppertest1113@mailinator.com,niyetqgufxr,njmbdwpott
namedroppertest1114@mailinator.com,rxfeqiugnty,djmbpwtotn
namedroppertest1115@mailinator.com,ntrfxgiquey,wtpdonmbjt
namedroppertest1116@mailinator.com,xeftiuyqrgn,nbptowjdmt
namedroppertest1117@mailinator.com,yurqngftexi,tbdotwnpmj
namedroppertest1118@mailinator.com,tugyrxneqfi,wnmotdpbtj
namedroppertest1119@mailinator.com,tfgiryeuqxn,omtjtbwpnd
namedroppertest1120@mailinator.com,qneryuxigft,btnmdtpwoj
namedroppertest1121@mailinator.com,qxfrnyiuegt,nmtdwbtjpo
namedroppertest1122@mailinator.com,itqyrfxgnue,dojwntmpbt
namedroppertest1123@mailinator.com,uygrinxteqf,omjpnbtdtw
namedroppertest1124@mailinator.com,uqxfitgynre,bmjdwontpt
namedroppertest1125@mailinator.com,tuyixqngerf,owpnbtdjtm
namedroppertest1126@mailinator.com,xtnuqyeigfr,tmnbjdpotw
namedroppertest1127@mailinator.com,xtgyerunfqi,jdopntmtwb
namedroppertest1128@mailinator.com,xitenqrgyuf,jtbtowdmnp
namedroppertest1129@mailinator.com,tnefriuyxqg,pmobtntdjw
namedroppertest1130@mailinator.com,eyfntxqgiru,pdnmobwttj
namedroppertest1131@mailinator.com,tfnirgqeyux,tmjpbnwdot
namedroppertest1132@mailinator.com,uqtgnxfyrei,tojnpbtmdw
namedroppertest1133@mailinator.com,enigqxyutrf,twmnbtojpd
namedroppertest1134@mailinator.com,xtrigfnquye,mtopjnbwdt
namedroppertest1135@mailinator.com,ixrfneguqyt,ontdmjpbwt
namedroppertest1136@mailinator.com,yurxtqgefni,noptdjbwmt
namedroppertest1137@mailinator.com,frutgnixqey,ttdwpjombn
namedroppertest1138@mailinator.com,tirxufyeqng,bmtnodptjw
namedroppertest1139@mailinator.com,qyiegrutxnf,pbwndjtomt
namedroppertest1140@mailinator.com,rufqyxntieg,wondpbmjtt
namedroppertest1141@mailinator.com,geuqixftnyr,jnottmpbdw
namedroppertest1142@mailinator.com,frgenxyiuqt,wnjttbmpod
namedroppertest1143@mailinator.com,tqfnxreiyug,jbdtpotwmn
namedroppertest1144@mailinator.com,xegfynqiutr,dbjtmpwnot
namedroppertest1145@mailinator.com,ngifqxyertu,jtnmpotwdb
namedroppertest1146@mailinator.com,quxyietngfr,pbmtjndtwo
namedroppertest1147@mailinator.com,xyfrgtnqeiu,bpmtjdwont
namedroppertest1148@mailinator.com,xgntfqyruie,onmtbjpwtd
namedroppertest1149@mailinator.com,nefgxyqtiru,owtnbmtjpd
namedroppertest1150@mailinator.com,qgnxifyetur,topjtnmdwb
namedroppertest1151@mailinator.com,tungyfeqxri,ompwjdtbnt
namedroppertest1152@mailinator.com,qefintrxyug,tjdobmtnpw
namedroppertest1153@mailinator.com,uegfntxqiry,tpjdnwotbm
namedroppertest1154@mailinator.com,eftixyrgunq,topndtmwjb
namedroppertest1155@mailinator.com,grifnxqytue,tptwdonbjm
namedroppertest1156@mailinator.com,ygrfutnqeix,dttwbmnpoj
namedroppertest1157@mailinator.com,xenyqfgitru,tptdwbmojn
namedroppertest1158@mailinator.com,qrfingtxyeu,pndojmwtbt
namedroppertest1159@mailinator.com,ingtuyrxfqe,pdbwjmtnto
namedroppertest1160@mailinator.com,yuxrnifetgq,tjdptombwn
namedroppertest1161@mailinator.com,xguqyieftnr,dnttwojbmp
namedroppertest1162@mailinator.com,tequgfxyirn,tomntdwjbp
namedroppertest1163@mailinator.com,ytgxenufirq,ttopjwnbdm
namedroppertest1164@mailinator.com,rtexyqingfu,jpotntmwdb
namedroppertest1165@mailinator.com,fgxtiquenry,tobpdmnwjt
namedroppertest1166@mailinator.com,gxtqfieunyr,wbmjtotpdn
namedroppertest1167@mailinator.com,uqtengrfyix,bodjpnwttm
namedroppertest1168@mailinator.com,uygreixnqft,nmbjwtdpot
namedroppertest1169@mailinator.com,eqtugirxyfn,pdjomtbwtn
namedroppertest1170@mailinator.com,qgxtnuyrfie,tbjdpwnotm
namedroppertest1171@mailinator.com,qufygeixntr,jmtbtwdpno
namedroppertest1172@mailinator.com,xrguetinfyq,jwbtopntmd
namedroppertest1173@mailinator.com,tirfqnuxgey,pwjtontmdb
namedroppertest1174@mailinator.com,nigefqruxyt,jmnttwobpd
namedroppertest1175@mailinator.com,frtyxgqneui,jtbwnmpdot
namedroppertest1176@mailinator.com,nuexyitfgrq,ndmopjtbtw
namedroppertest1177@mailinator.com,fgxrituenyq,tbtndojwmp
namedroppertest1178@mailinator.com,xnyrfteugqi,ttwdpmonjb
namedroppertest1179@mailinator.com,ugtxyfqirne,tdbpjotnmw
namedroppertest1180@mailinator.com,xfteriuyngq,npbdtwmotj
namedroppertest1181@mailinator.com,gityrfnxuqe,owjbndmptt
namedroppertest1182@mailinator.com,uxfiyrqgten,twtmjbondp
namedroppertest1183@mailinator.com,ufqegtixnry,owpttbdnjm
namedroppertest1184@mailinator.com,unxqyetfgir,bmdtpwjont
namedroppertest1185@mailinator.com,fturnxiqeyg,tdjbmntpwo
namedroppertest1186@mailinator.com,ixnteygfrqu,tojpbwdnmt
namedroppertest1187@mailinator.com,tuyfgerinxq,pwjbtonmdt
namedroppertest1188@mailinator.com,xrntfqigeuy,wtntdpobmj
namedroppertest1189@mailinator.com,rgixuqfteny,bwtnjtopdm
namedroppertest1190@mailinator.com,tryngiequfx,dtbwtnjmop
namedroppertest1191@mailinator.com,fnrexygtqiu,pnmdtwojtb
namedroppertest1192@mailinator.com,txngreqfuyi,jdtpnbwtmo
namedroppertest1193@mailinator.com,yufqetringx,bjwntmpdto
namedroppertest1194@mailinator.com,nqrtgiuxfey,tojtmnwpdb
namedroppertest1195@mailinator.com,irqefgtxuny,dtwomjtnbp
namedroppertest1196@mailinator.com,nxtuyiqregf,ntotmbjwdp
namedroppertest1197@mailinator.com,feigqnruytx,wpnombtdjt
namedroppertest1198@mailinator.com,ufxiqerytng,mbttjpwnod
namedroppertest1199@mailinator.com,uqxiyfntreg,jdntpwmbot
namedroppertest1200@mailinator.com,tiruyqfnegx,nptowtdjmb
namedroppertest1201@mailinator.com,inqeyftxrgu,pnbdojtmtw
namedroppertest1202@mailinator.com,gqetnfyiurx,tmwpjbodtn
namedroppertest1203@mailinator.com,fygtriqenxu,ojmnwpbtdt
namedroppertest1204@mailinator.com,xnuqyertfig,tdmbtojpnw
namedroppertest1205@mailinator.com,rxfgntqeuyi,motnwjdptb
namedroppertest1206@mailinator.com,nrfgtyuxqei,pdjtmtwonb
namedroppertest1207@mailinator.com,nrfieyuxqtg,odpnttbmwj
namedroppertest1208@mailinator.com,xntrgieyqfu,jmnbptwodt
namedroppertest1209@mailinator.com,qgxyefrtiun,ntwomtpdjb
namedroppertest1210@mailinator.com,yifquxgrtne,ntwdbtopjm
namedroppertest1211@mailinator.com,gxtiynqreuf,ntpwmjbtdo
namedroppertest1212@mailinator.com,unfrixeqytg,ptwtdbmnjo
namedroppertest1213@mailinator.com,xniftgqruye,ojtnpbmdwt
namedroppertest1214@mailinator.com,uxryngeiftq,pmobtdjtwn
namedroppertest1215@mailinator.com,frqenugxyti,djwmontptb
namedroppertest1216@mailinator.com,uiqxfgerynt,npdtjbomwt
namedroppertest1217@mailinator.com,tgeixrqufyn,bpjtndomtw
namedroppertest1218@mailinator.com,txrefiyguqn,nptwmdtojb
namedroppertest1219@mailinator.com,ureyxnfgqit,dmpjtbwnot
namedroppertest1220@mailinator.com,ufrygiextqn,dtwjpombtn
namedroppertest1221@mailinator.com,tgeyrxiunfq,njmtbtdwpo
namedroppertest1222@mailinator.com,extqfigruny,wjtnpmdtbo
namedroppertest1223@mailinator.com,gnxueiqyftr,jomdtpnwtb
namedroppertest1224@mailinator.com,ierngtqxfuy,bjwnpdtmot
namedroppertest1225@mailinator.com,urqifgexytn,jwpbndottm
namedroppertest1226@mailinator.com,xqirfytguen,mnpttodbjw
namedroppertest1227@mailinator.com,tufigqeyxnr,dopbmtjwnt
namedroppertest1228@mailinator.com,rfgyieqnxut,wjmotpndtb
namedroppertest1229@mailinator.com,nqxrfiyteug,wpjtntbomd
namedroppertest1230@mailinator.com,fyinqguerxt,obnpjtmwdt
namedroppertest1231@mailinator.com,ntuegyfqrxi,jntptmwodb
namedroppertest1232@mailinator.com,urxgfyteqni,mptnjodbwt
namedroppertest1233@mailinator.com,irutxnyqfeg,nobttdpjwm
namedroppertest1234@mailinator.com,nxetiqfgruy,ttobdjnmpw
namedroppertest1235@mailinator.com,tuynxreqifg,pttndwmbjo
namedroppertest1236@mailinator.com,giyqtfrxune,jmtdwpnotb
namedroppertest1237@mailinator.com,yxnteurfqig,ttwnmpbdjo
namedroppertest1238@mailinator.com,ynifuqrtxge,jtotpmwdnb
namedroppertest1239@mailinator.com,iuetqxyfgrn,wdtntmbjpo
namedroppertest1240@mailinator.com,qtgrnfuixey,pdwonmbttj
namedroppertest1241@mailinator.com,rgxyqtnefui,npdtotbwmj
namedroppertest1242@mailinator.com,nxqfeituyrg,jttnmobwdp
namedroppertest1243@mailinator.com,qfgryueinxt,opbtmjtwdn
namedroppertest1244@mailinator.com,iengruyxqft,btjdtpwnmo
namedroppertest1245@mailinator.com,trqgyfxunie,tnmwpjtodb
namedroppertest1246@mailinator.com,qigeynrfxtu,jtwbmptdno
namedroppertest1247@mailinator.com,fntrgueqiyx,mtpwontjdb
namedroppertest1248@mailinator.com,iugexqrftyn,twdnbpomtj
namedroppertest1249@mailinator.com,ygexqrfutin,mttdpbnjwo
namedroppertest1250@mailinator.com,fqixurgntye,ptjtomwdnb
namedroppertest1251@mailinator.com,nuyxeqitgfr,nbowjdtptm
namedroppertest1252@mailinator.com,xuiegfyrntq,dmbtowjntp
namedroppertest1253@mailinator.com,eyqtirfxgun,ojwttpnbmd
namedroppertest1254@mailinator.com,fnyquxretgi,dpobtwtmjn
namedroppertest1255@mailinator.com,unyxiqfegtr,mnbtoptdjw
namedroppertest1256@mailinator.com,quiyxgnrfet,wjbdmtopnt
namedroppertest1257@mailinator.com,txnyieuqfgr,jpnotdtwmb
namedroppertest1258@mailinator.com,egtnxuqiyrf,jbmpondttw
namedroppertest1259@mailinator.com,tiqyfnugxre,tpotdjwnmb
namedroppertest1260@mailinator.com,euyxingqftr,jmdptbonwt
namedroppertest1261@mailinator.com,yqngirfeuxt,tmjpnotdwb
namedroppertest1262@mailinator.com,ugfyxiqtner,mdtobwpjnt
namedroppertest1263@mailinator.com,ytiuqxegfnr,otptwdmbjn
namedroppertest1264@mailinator.com,igrquenfytx,ntdpowmbjt
namedroppertest1265@mailinator.com,yfngqtreuix,ontpwtjdbm
namedroppertest1266@mailinator.com,rqguityfxen,btwjnmtdop
namedroppertest1267@mailinator.com,gtfyiqxunre,nbtpdmjwot
namedroppertest1268@mailinator.com,ufgqxtyrein,towntdbmpj
namedroppertest1269@mailinator.com,qguyrxtienf,nbdtjtwomp
namedroppertest1270@mailinator.com,ifngretquyx,jmpowntdbt
namedroppertest1271@mailinator.com,ruinqgeytxf,mpndojttwb
namedroppertest1272@mailinator.com,fegxryiqnut,ojtnbdmwtp
namedroppertest1273@mailinator.com,xfirqyeutgn,dmnwopjtbt
namedroppertest1274@mailinator.com,engxrtfuiqy,dmtwtbnopj
namedroppertest1275@mailinator.com,rgfyetnxuqi,wotntdjpmb
namedroppertest1276@mailinator.com,qgnyfxureti,tdopmtjnwb
namedroppertest1277@mailinator.com,ugtfyenirqx,ntdmbpojwt
namedroppertest1278@mailinator.com,uniygrqtxef,tmtwjpdbno
namedroppertest1279@mailinator.com,egqtfixnuyr,bpttnodwjm
namedroppertest1280@mailinator.com,giruyeqtxfn,npjmtotdbw
namedroppertest1281@mailinator.com,ntrxyfqgeui,tpndotwmbj
namedroppertest1282@mailinator.com,fyinegruxtq,obmjdpwtnt
namedroppertest1283@mailinator.com,ftunyqigexr,dwptmnotbj
namedroppertest1284@mailinator.com,yqxtuiefrgn,ojmbtptdwn
namedroppertest1285@mailinator.com,yeqfxturngi,wjmdottnpb
namedroppertest1286@mailinator.com,nqfetgxriuy,ndmotptjbw
namedroppertest1287@mailinator.com,fingxteqyru,dbmtjpotwn
namedroppertest1288@mailinator.com,ntfueiyqxgr,modbtjwtnp
namedroppertest1289@mailinator.com,xnrfgtqyieu,pdnwttbjmo
namedroppertest1290@mailinator.com,eunqifrxgyt,tmojnpwdtb
namedroppertest1291@mailinator.com,exqugntiryf,dmtptbwjon
namedroppertest1292@mailinator.com,xnrtfiyguqe,mndptbtojw
namedroppertest1293@mailinator.com,nqrtieugyxf,mntwoptbdj
namedroppertest1294@mailinator.com,tnixrqueyfg,jodttbmnwp
namedroppertest1295@mailinator.com,qgxfireuytn,djwpmntobt
namedroppertest1296@mailinator.com,igfernuxtqy,btopjmwntd
namedroppertest1297@mailinator.com,itrqgufynex,topmdtbwjn
namedroppertest1298@mailinator.com,xtuiqnfeygr,dbotjmnptw
namedroppertest1299@mailinator.com,ngityrqeufx,jdbtnmoptw
namedroppertest1300@mailinator.com,unitrxegyfq,npbttmjdow
namedroppertest1301@mailinator.com,neirgfxuytq,opdjttbnwm
namedroppertest1302@mailinator.com,qnufgeyxtri,wotjbmnptd
namedroppertest1303@mailinator.com,eyqngtfiurx,twbtmjpdon
namedroppertest1304@mailinator.com,tueynxrfigq,odpnwjmttb
namedroppertest1305@mailinator.com,uqtgrxenyif,btpdomtjnw
namedroppertest1306@mailinator.com,fqnxeiugytr,wttbnpdjom
namedroppertest1307@mailinator.com,ruxtqeigynf,wtnjbmtodp
namedroppertest1308@mailinator.com,ufqgrtexyin,npojdwbmtt
namedroppertest1309@mailinator.com,gefunyqxrit,wnpjomdttb
namedroppertest1310@mailinator.com,nytiqfxruge,mtopdbwnjt
namedroppertest1311@mailinator.com,uqrefxgtnyi,nopjmbwtdt
namedroppertest1312@mailinator.com,urgtifxeyqn,dnbotwtjpm
namedroppertest1313@mailinator.com,tqgyunixref,jmnowtdtbp
namedroppertest1314@mailinator.com,xytiengqrfu,wotbjtdnpm
namedroppertest1315@mailinator.com,gqxernftiuy,jmtowpbtnd
namedroppertest1316@mailinator.com,reyxtgnqifu,dwmpotnjbt
namedroppertest1317@mailinator.com,girxyfnueqt,tnodmwptjb
namedroppertest1318@mailinator.com,guexqrnytif,tjbdnpmotw
namedroppertest1319@mailinator.com,nftquxygrie,dntowpbjtm
namedroppertest1320@mailinator.com,ftyeginrqux,mbntjopwtd
namedroppertest1321@mailinator.com,tgqrfeniyxu,bnpjtdotwm
namedroppertest1322@mailinator.com,ixqytferngu,ptwontbmjd
namedroppertest1323@mailinator.com,rfqenuxgyti,otmnbwjtpd
namedroppertest1324@mailinator.com,fxqrgieyntu,bpwottjmdn
namedroppertest1325@mailinator.com,ntufyrgqexi,ntbmjdtpwo
namedroppertest1326@mailinator.com,qyfrtxiunge,mttdbwonpj
namedroppertest1327@mailinator.com,gxnifuqtyre,ojdnbwtpmt
namedroppertest1328@mailinator.com,xreifnquytg,nmpdtwbotj
namedroppertest1329@mailinator.com,rtnfugeqxyi,dntjotmbpw
namedroppertest1330@mailinator.com,xfgnqytreui,mojdnbwptt
namedroppertest1331@mailinator.com,nfxreiytguq,mwdpbotjtn
namedroppertest1332@mailinator.com,tqeifgynxur,wjnttpmdbo
namedroppertest1333@mailinator.com,nuefiqtxgyr,pmwjobtdtn
namedroppertest1334@mailinator.com,exyngtifqur,wnjtdptobm
namedroppertest1335@mailinator.com,gytnqrfuxei,omptjbdtnw
namedroppertest1336@mailinator.com,ftqurgnexiy,dttmjnowbp
namedroppertest1337@mailinator.com,yfnteqriuxg,mtobpwdtnj
namedroppertest1338@mailinator.com,yrtniexfguq,nmdtwbpotj
namedroppertest1339@mailinator.com,ufextnirygq,ttjdnpwomb
namedroppertest1340@mailinator.com,niruftgqeyx,tdmpobwtnj
namedroppertest1341@mailinator.com,nigfxyuterq,pndtjtbmow
namedroppertest1342@mailinator.com,tfxuienrgyq,ttombnpjdw
namedroppertest1343@mailinator.com,qgyxeftunri,pjtbotmwnd
namedroppertest1344@mailinator.com,yxintferqgu,pdbwtnjmto
namedroppertest1345@mailinator.com,tiqgrneyxuf,djpttmobwn
namedroppertest1346@mailinator.com,tfnqurgeyxi,ojnttwbmpd
namedroppertest1347@mailinator.com,iqxyrugneft,nptmwobjtd
namedroppertest1348@mailinator.com,erguyftniqx,owbtjndpmt
namedroppertest1349@mailinator.com,xrftnqyiuge,mobnjtdwtp
namedroppertest1350@mailinator.com,grfxntiyque,twptbmjnod
namedroppertest1351@mailinator.com,qfxyruinetg,podtmbjwnt
namedroppertest1352@mailinator.com,engtixquryf,tnjmbwtodp
namedroppertest1353@mailinator.com,enxfyuqgirt,wpomjtbndt
namedroppertest1354@mailinator.com,iqeyrfntugx,pnodjtmwtb
namedroppertest1355@mailinator.com,reuqiygntfx,btptwnodjm
namedroppertest1356@mailinator.com,gurenfytiqx,otbwntpdmj
namedroppertest1357@mailinator.com,yixfrgutenq,tpmdnjwobt
namedroppertest1358@mailinator.com,qxtifeugynr,bdntoptmwj
namedroppertest1359@mailinator.com,etquinfxgry,wnmtjdbpto
namedroppertest1360@mailinator.com,xyrnugqetif,pmndtwjbto
namedroppertest1361@mailinator.com,nfiqerxtguy,bmtjopntdw
namedroppertest1362@mailinator.com,xugfrnyteiq,onbtdjtmpw
namedroppertest1363@mailinator.com,tigfnxryque,jottpdbwnm
namedroppertest1364@mailinator.com,fnugirtyxqe,wmodjtbntp
namedroppertest1365@mailinator.com,fqtxnreiguy,mtjnowdtbp
namedroppertest1366@mailinator.com,xytnugrqief,wttobpnmdj
namedroppertest1367@mailinator.com,ntiurqygfex,tdmnbtjwpo
namedroppertest1368@mailinator.com,eyrqgutinxf,pdjtmbnotw
namedroppertest1369@mailinator.com,yxrigufqnet,pbtndwojtm
namedroppertest1370@mailinator.com,qfguitneryx,ttpdmwbnoj
namedroppertest1371@mailinator.com,ygetqifuxnr,pnjdttbomw
namedroppertest1372@mailinator.com,feugrnitxqy,potbmnjtwd
namedroppertest1373@mailinator.com,etrqxyiungf,tmdwtpbjon
namedroppertest1374@mailinator.com,nxutirqfgey,tndwbjptom
namedroppertest1375@mailinator.com,xtefrigqyun,onbjptdtwm
namedroppertest1376@mailinator.com,egiyxftqnru,totjmdpnwb
namedroppertest1377@mailinator.com,rgfquentiyx,bopnmwjdtt
namedroppertest1378@mailinator.com,yxeftgrnqui,bpmdntwotj
namedroppertest1379@mailinator.com,yftunxreqgi,dmoptnjwbt
namedroppertest1380@mailinator.com,utiynqfgxer,omwttbjpnd
namedroppertest1381@mailinator.com,nuexfqrgity,jptnowdbtm
namedroppertest1382@mailinator.com,qgrxfyutien,tjnbopdmtw
namedroppertest1383@mailinator.com,fqgeritxuyn,njotwpdbtm
namedroppertest1384@mailinator.com,fryunixtgqe,nwdttmobpj
namedroppertest1385@mailinator.com,qitfugnerxy,mnjotpdwbt
namedroppertest1386@mailinator.com,infrxequytg,bjtnotmwdp
namedroppertest1387@mailinator.com,iteryufgxqn,tdmnjtpwbo
namedroppertest1388@mailinator.com,reuintgyfxq,jwpodttnbm
namedroppertest1389@mailinator.com,ufgrtneixyq,bwopmdttjn
namedroppertest1390@mailinator.com,iutfrneqxyg,ottbwjmpnd
namedroppertest1391@mailinator.com,tnrefuigxyq,mjdtbwpnot
namedroppertest1392@mailinator.com,xyequrnfgti,mjwndptotb
namedroppertest1393@mailinator.com,qxnyugfrtie,ntdjmpowbt
namedroppertest1394@mailinator.com,egifxytnruq,tmopntwdjb
namedroppertest1395@mailinator.com,qyutfixgern,djtpomtnbw
namedroppertest1396@mailinator.com,txrfuqignye,wpdbontmjt
namedroppertest1397@mailinator.com,fuxtingqyer,dowjtbmntp
namedroppertest1398@mailinator.com,ritgenyfqux,tbpmwtdojn
namedroppertest1399@mailinator.com,xuingqrytfe,obpmwtdnjt
namedroppertest1400@mailinator.com,tygfuinxqer,dbnwpjtmto
namedroppertest1401@mailinator.com,ytufegnxirq,omnpdtjbwt
namedroppertest1402@mailinator.com,nytiergfxuq,wbndottjmp
namedroppertest1403@mailinator.com,ufnytrxeqgi,wpjdtomnbt
namedroppertest1404@mailinator.com,utgreyfixnq,jownpbtdmt
namedroppertest1405@mailinator.com,xegifryqunt,odtjnwbmpt
namedroppertest1406@mailinator.com,qiurgtenfxy,potwdtmbnj
namedroppertest1407@mailinator.com,quxyntrefgi,dnwtmtojpb
namedroppertest1408@mailinator.com,xynerqiutfg,jdpmwtobtn
namedroppertest1409@mailinator.com,iexyrutngfq,dpjwnbtmot
namedroppertest1410@mailinator.com,efntqiyxugr,mttjowbdpn
namedroppertest1411@mailinator.com,nyurxfigeqt,mtnobjtpdw
namedroppertest1412@mailinator.com,qigynrfextu,ntwmotjdpb
namedroppertest1413@mailinator.com,xngiryfetqu,jdntwmobpt
namedroppertest1414@mailinator.com,xgiuyqrefnt,dwbotmtpnj
namedroppertest1415@mailinator.com,erguynxfiqt,ojdtwnptbm
namedroppertest1416@mailinator.com,renqxtiuyfg,ntmotwdjbp
namedroppertest1417@mailinator.com,yxtgnefuiqr,mpjdttowbn
namedroppertest1418@mailinator.com,tqernyigfxu,mwpjntodbt
namedroppertest1419@mailinator.com,utinqfyxger,ptjmtnwodb
namedroppertest1420@mailinator.com,fgutyqnrxie,wtotjpdnbm
namedroppertest1421@mailinator.com,tguefyrinqx,tpbtmndwjo
namedroppertest1422@mailinator.com,nyqtfeiugxr,tbmotjnwpd
namedroppertest1423@mailinator.com,uyfnxgretqi,tnojtdwmbp
namedroppertest1424@mailinator.com,utxyqefingr,todnwtjmpb
namedroppertest1425@mailinator.com,fyiretugqnx,tpdwbotnmj
namedroppertest1426@mailinator.com,nqryftixueg,omtdjwntpb
namedroppertest1427@mailinator.com,tgixnrfquey,tbtpjodnmw
namedroppertest1428@mailinator.com,xtgfyriqneu,wpbdtntjmo
namedroppertest1429@mailinator.com,geniytuqxfr,dtwtbmonjp
namedroppertest1430@mailinator.com,xfiuegrqnyt,otjmnbdptw
namedroppertest1431@mailinator.com,tfqexiuyrgn,tjbmtdnpwo
namedroppertest1432@mailinator.com,unyitegqfxr,dojwmptbnt
namedroppertest1433@mailinator.com,etnuqgxiyrf,tnopbtjdmw
namedroppertest1434@mailinator.com,ietfxugnrqy,mpbtwtjdno
namedroppertest1435@mailinator.com,nrgteyfxqui,pnttbdmjow
namedroppertest1436@mailinator.com,xuirtqefygn,jtdnbpowtm
namedroppertest1437@mailinator.com,entfguiryqx,twbmdpntoj
namedroppertest1438@mailinator.com,fyqxtergnui,podjmttwbn
namedroppertest1439@mailinator.com,igyunefqrtx,nwjmdtpotb
namedroppertest1440@mailinator.com,tgqrfynuxie,dtmjtobpwn
namedroppertest1441@mailinator.com,unxteigrqyf,tbdwntojmp
namedroppertest1442@mailinator.com,txguqferiny,wmbtdtpnjo
namedroppertest1443@mailinator.com,nxgriteyfuq,mdtwotjnbp
namedroppertest1444@mailinator.com,yxtqeugnifr,mwbnodjtpt
namedroppertest1445@mailinator.com,yifeqtunxrg,bpwdjtntom
namedroppertest1446@mailinator.com,eixrqfygnut,pwojndmttb
namedroppertest1447@mailinator.com,gitufqryxen,tbndtwmjpo
namedroppertest1448@mailinator.com,inuyxfrtqge,tobnjpwdtm
namedroppertest1449@mailinator.com,rftxgnuieyq,pnbjowtmdt
namedroppertest1450@mailinator.com,qfnryxtgeui,todwbjnmtp
namedroppertest1451@mailinator.com,nxifyguqetr,ptwmojnbdt
namedroppertest1452@mailinator.com,tgxqfinurey,ndbmpotwtj
namedroppertest1453@mailinator.com,tyfnixurqge,notbjdtwmp
namedroppertest1454@mailinator.com,yxgunfetirq,dpnobmjtwt
namedroppertest1455@mailinator.com,gefnqixutry,obwtdmjpnt
namedroppertest1456@mailinator.com,iuxyrgqtfen,ptmtdobnwj
namedroppertest1457@mailinator.com,nriqtgeyfux,dwbmpojtnt
namedroppertest1458@mailinator.com,equfintgxyr,pnjbtwtdom
namedroppertest1459@mailinator.com,rngiyxuqfet,tdnmpjotwb
namedroppertest1460@mailinator.com,etinxqgyruf,pbtjwtdomn
namedroppertest1461@mailinator.com,exyfrqgnuti,tnbopwjdmt
namedroppertest1462@mailinator.com,nrtqxeygfui,tmwtponbjd
namedroppertest1463@mailinator.com,ygrufixqtne,twnbjtmpdo
namedroppertest1464@mailinator.com,tuiryegfxnq,tobjwnmpdt
namedroppertest1465@mailinator.com,qeinyufxgrt,domjbtptnw
namedroppertest1466@mailinator.com,qytxgnriuef,tntojpwmdb
namedroppertest1467@mailinator.com,yrfugtnxiqe,nmbtpjotwd
namedroppertest1468@mailinator.com,gutefrxnyqi,ontpdtjwmb
namedroppertest1469@mailinator.com,tufgeyniqxr,mnwpbottdj
namedroppertest1470@mailinator.com,qxrneugtfiy,tbtjndopwm
namedroppertest1471@mailinator.com,ygqurtnexif,mdptjonbtw
namedroppertest1472@mailinator.com,fexigtnuqyr,mjtpondwtb
namedroppertest1473@mailinator.com,intgrxeuyfq,ttopmwjdbn
namedroppertest1474@mailinator.com,niterugqfyx,jtmpdobwtn
namedroppertest1475@mailinator.com,tqfrngxeiyu,nwtpdtombj
namedroppertest1476@mailinator.com,uiqytfgernx,pojntdtbwm
namedroppertest1477@mailinator.com,rtynieqxfgu,tbnjtpodmw
namedroppertest1478@mailinator.com,yufinxerqgt,tdbjwnmpot
namedroppertest1479@mailinator.com,gryuiexqtfn,tdnotjwpmb
namedroppertest1480@mailinator.com,eifrntgqxuy,ojntwmbdtp
namedroppertest1481@mailinator.com,xgfqinreuyt,wtptdonmbj
namedroppertest1482@mailinator.com,qtrfxyngieu,tomtpjbndw
namedroppertest1483@mailinator.com,iyxufqgntre,ntmpdtbwoj
namedroppertest1484@mailinator.com,iueqntgrfyx,wpmtjdnotb
namedroppertest1485@mailinator.com,xeqyfurignt,tbndtwompj
namedroppertest1486@mailinator.com,rtqyufxgine,djnmowtpbt
namedroppertest1487@mailinator.com,etfnxguriyq,onbjdtpwtm
namedroppertest1488@mailinator.com,ingftuxyrqe,mwbnjotdpt
namedroppertest1489@mailinator.com,txinuyrgfeq,jptbtodmnw
namedroppertest1490@mailinator.com,fqerxynigut,wmbtdntjop
namedroppertest1491@mailinator.com,txfrqgneiyu,tndjwpotbm
namedroppertest1492@mailinator.com,rtiyneugqfx,bdopjnwttm
namedroppertest1493@mailinator.com,yixutrqnegf,pttjbmndwo
namedroppertest1494@mailinator.com,rnueqxfygti,nwomttjdbp
namedroppertest1495@mailinator.com,riugtqeyfnx,bopdntjtwm
namedroppertest1496@mailinator.com,truqngifxye,mtwdpjtonb
namedroppertest1497@mailinator.com,tnqyifexugr,wjbptnmotd
namedroppertest1498@mailinator.com,ynxtigfrueq,otbpjdmnwt
namedroppertest1499@mailinator.com,rftxuiegqny,wdntbmtjop
namedroppertest1500@mailinator.com,tginfyreuxq,dptnmjtwbo
namedroppertest1501@mailinator.com,iqtyrgufnxe,mdwjobttpn
namedroppertest1502@mailinator.com,etxnyriqguf,pntbomtdjw
namedroppertest1503@mailinator.com,xerfgqntyui,mobtpnjdtw
namedroppertest1504@mailinator.com,xifyteuqrgn,bodwtjtpmn
namedroppertest1505@mailinator.com,yufernqtxig,tptonwjmbd
namedroppertest1506@mailinator.com,fexugyntiqr,mtjndbowtp
namedroppertest1507@mailinator.com,ygitenuxfrq,nbpjtmdowt
namedroppertest1508@mailinator.com,niufxgytqer,dpotjtmnwb
namedroppertest1509@mailinator.com,qxyrneuftig,bndmjtwtop
namedroppertest1510@mailinator.com,nqtfexugyir,tmntopjdwb
namedroppertest1511@mailinator.com,nequgxyfitr,wdntpobjtm
namedroppertest1512@mailinator.com,yriueqftgxn,twndjbptmo
namedroppertest1513@mailinator.com,ferytqgiunx,onmdbjpwtt
namedroppertest1514@mailinator.com,gutyrexfiqn,jdtpbtomnw
namedroppertest1515@mailinator.com,gutqyfnrexi,pbjwotnmtd
namedroppertest1516@mailinator.com,urfntegyxqi,mwtpbdtjon
namedroppertest1517@mailinator.com,qefnyxtigur,mjnptodwbt
namedroppertest1518@mailinator.com,rqgyxntufie,opndbjwmtt
namedroppertest1519@mailinator.com,fnxirtueygq,jtwmbnodtp
namedroppertest1520@mailinator.com,gxetfqnyrui,bwdjonmtpt
namedroppertest1521@mailinator.com,fuerygnitxq,tnjmtobdwp
namedroppertest1522@mailinator.com,xntqyrifgeu,dtbtwmnjpo
namedroppertest1523@mailinator.com,qrxfitenygu,mwdnbjtotp
namedroppertest1524@mailinator.com,ugrqnefxyit,wonbjmtdpt
namedroppertest1525@mailinator.com,tqufxyinreg,wmjbtnptod
namedroppertest1526@mailinator.com,xyqertfigun,tbnptjdwom
namedroppertest1527@mailinator.com,ergqnituxfy,owjpbttmdn
namedroppertest1528@mailinator.com,eytqgunifrx,pdjwttonmb
namedroppertest1529@mailinator.com,fgryteuqxin,ttdmonbpwj
namedroppertest1530@mailinator.com,rfnuyqetixg,tpwtbmdnoj
namedroppertest1531@mailinator.com,yigqenrxtfu,pjbmtdwton
namedroppertest1532@mailinator.com,fuenyxigtqr,wjntdbtpom
namedroppertest1533@mailinator.com,ieuqxnfyrgt,pwtjotbdnm
namedroppertest1534@mailinator.com,iufexynrqgt,jmtwtdbonp
namedroppertest1535@mailinator.com,ixfyregtuqn,bpmwdtntoj
namedroppertest1536@mailinator.com,ueyirtxfgnq,dwbpmttjno
namedroppertest1537@mailinator.com,efiygutqrnx,dmptwtbjno
namedroppertest1538@mailinator.com,ruftxniyegq,nwpbtdmtoj
namedroppertest1539@mailinator.com,niutyqfrgxe,mobnttjwpd
namedroppertest1540@mailinator.com,giyqxfturen,tbnwdmpotj
namedroppertest1541@mailinator.com,qnfxtruigye,twodmntpbj
namedroppertest1542@mailinator.com,nifuextyrgq,wnpbtjmodt
namedroppertest1543@mailinator.com,rtiqgnxeuyf,jbmtdtowpn
namedroppertest1544@mailinator.com,urqxtnifgey,ndtwmobpjt
namedroppertest1545@mailinator.com,eryxgqntfui,dmjwtbtnop
namedroppertest1546@mailinator.com,genurtfxqyi,wottjdpnmb
namedroppertest1547@mailinator.com,ixgnqrtfuey,odmnttjbpw
namedroppertest1548@mailinator.com,qfuxrnityge,jwmonbptdt
namedroppertest1549@mailinator.com,qnuytxeifrg,bwjotdtnpm
namedroppertest1550@mailinator.com,rinfgyuqxte,bdwtnmopjt
namedroppertest1551@mailinator.com,uiyxrefngtq,ntpbdwjotm
namedroppertest1552@mailinator.com,eftruqgxyni,btdjomwntp
namedroppertest1553@mailinator.com,xqgtuinryef,dnmottjbwp
namedroppertest1554@mailinator.com,yrutgxfinqe,pttwjbdonm
namedroppertest1555@mailinator.com,uenxgtiyfrq,pjbwmtnodt
namedroppertest1556@mailinator.com,efintuqyxrg,njtbmdpotw
namedroppertest1557@mailinator.com,enfxguqtyir,jdmtwpbnto
namedroppertest1558@mailinator.com,xrutinqefyg,obntpmdwtj
namedroppertest1559@mailinator.com,tenqyxuirgf,dbjntowpmt
namedroppertest1560@mailinator.com,yxfrutqgein,tnpowbtmjd
namedroppertest1561@mailinator.com,feturyxgqin,nwjmbodtpt
namedroppertest1562@mailinator.com,igyrftqeuxn,tbdjntomwp
namedroppertest1563@mailinator.com,gfiyrtxeunq,pdtbwtnjmo
namedroppertest1564@mailinator.com,inegqruyxtf,mbdtnjopwt
namedroppertest1565@mailinator.com,iuyrgexfqtn,jtpmodbtwn
namedroppertest1566@mailinator.com,xuyngeqtfir,tdjopnmbwt
namedroppertest1567@mailinator.com,nftquiexygr,pnmbtodtwj
namedroppertest1568@mailinator.com,nfuytrexigq,mwbtdpojtn
namedroppertest1569@mailinator.com,ufnreigqtyx,ttjobdwpnm
namedroppertest1570@mailinator.com,uqgnyirtfex,tdmtbownjp
namedroppertest1571@mailinator.com,qgnyxtfireu,ttbpnmwdoj
namedroppertest1572@mailinator.com,gxyqeitnrfu,otptbwdmjn
namedroppertest1573@mailinator.com,gtnreiqxfyu,dwtbnjmpto
namedroppertest1574@mailinator.com,iyxguqenrtf,jpnodbtwtm
namedroppertest1575@mailinator.com,eqnyugifxtr,mtnpjobtdw
namedroppertest1576@mailinator.com,uxnyqtigrfe,owjbptntmd
namedroppertest1577@mailinator.com,xuqriegfnyt,tbmdpnwjot
namedroppertest1578@mailinator.com,ruxqetnfgiy,nwmdptobtj
namedroppertest1579@mailinator.com,nigxrtqeuyf,tmjwnptodb
namedroppertest1580@mailinator.com,ixeftrguqyn,btpjtmnwod
namedroppertest1581@mailinator.com,qiuteygxfrn,mdwbpnttoj
namedroppertest1582@mailinator.com,etnrgyufqxi,nbdtomptjw
namedroppertest1583@mailinator.com,yeqrxgfiunt,nomtjtwbpd
namedroppertest1584@mailinator.com,nfqexyuitgr,ntjotdmwpb
namedroppertest1585@mailinator.com,eiftqxgryun,jmtotnbwdp
namedroppertest1586@mailinator.com,qriyxfugnte,pmwtbondtj
namedroppertest1587@mailinator.com,qryxiefgntu,ndbpmtowtj
namedroppertest1588@mailinator.com,uxnryefiqgt,tmdtpwbjon
namedroppertest1589@mailinator.com,ftiqxgrnyue,mttopwjnbd
namedroppertest1590@mailinator.com,gxinfutqyer,ttondwbjmp
namedroppertest1591@mailinator.com,ygftrunixqe,dbpntmwjto
namedroppertest1592@mailinator.com,qxtrfniuegy,towdptjnmb
namedroppertest1593@mailinator.com,ynixrqgfute,pnmtodwjbt
namedroppertest1594@mailinator.com,rnqfyiuxteg,bwtopnjdtm
namedroppertest1595@mailinator.com,fyxutngqrei,wjpdtmtbno
namedroppertest1596@mailinator.com,iugytqfernx,tbptmodjwn
namedroppertest1597@mailinator.com,intxurgfyqe,bjowpntmtd
namedroppertest1598@mailinator.com,nxteqfryigu,dobtpjmtnw
namedroppertest1599@mailinator.com,uqgntfxiyer,tdjpwnbtmo
namedroppertest1600@mailinator.com,qtfxerungiy,botpdjntmw
namedroppertest1601@mailinator.com,nfexugrqiyt,pnmtotdbwj
namedroppertest1602@mailinator.com,uiqnrteygxf,bwdojtnmtp
namedroppertest1603@mailinator.com,yrqntfxueig,tdtbwopmnj
namedroppertest1604@mailinator.com,xgtyqenfuri,dptotmjwnb
namedroppertest1605@mailinator.com,inguterqxfy,pdmjwtobnt
namedroppertest1606@mailinator.com,ufxyntgreiq,dnpjwbtotm
namedroppertest1607@mailinator.com,giftyenrxqu,mjnwdttbop
namedroppertest1608@mailinator.com,fqxiuyrengt,twdmtobpjn
namedroppertest1609@mailinator.com,xfteryinuqg,pttowbnmdj
namedroppertest1610@mailinator.com,gxefqyurint,ombptjndwt
namedroppertest1611@mailinator.com,exutgnrfqiy,bmnpjdottw
namedroppertest1612@mailinator.com,xnygufqitre,jotnmtdwpb
namedroppertest1613@mailinator.com,eyuxitgqfnr,totdmbpnjw
namedroppertest1614@mailinator.com,xyrgnqueift,bntmdjotpw
namedroppertest1615@mailinator.com,igyrntfuexq,btjmonwdtp
namedroppertest1616@mailinator.com,nyxgfrtuieq,todbjtmwnp
namedroppertest1617@mailinator.com,iernqguyxft,tdwmtnjpbo
namedroppertest1618@mailinator.com,triuenygfqx,ondbtpmjtw
namedroppertest1619@mailinator.com,eqgftryunix,ntpowtjmdb
namedroppertest1620@mailinator.com,txriegfunyq,bomptdjnwt
namedroppertest1621@mailinator.com,ftyexniuqgr,opmtjdbntw
namedroppertest1622@mailinator.com,nxygrtuieqf,dwojtbmpnt
namedroppertest1623@mailinator.com,utirfnqeyxg,mptonwjtdb
namedroppertest1624@mailinator.com,gneiuyrtqfx,wmjntpbdot
namedroppertest1625@mailinator.com,riqfutgxyen,wpojdnttbm
namedroppertest1626@mailinator.com,fgiurytqxne,jpotbmdwtn
namedroppertest1627@mailinator.com,fyqnitxuegr,tjopmnwtbd
namedroppertest1628@mailinator.com,xyigerfnuqt,mbtwoptdnj
namedroppertest1629@mailinator.com,nxiufqytger,wotjptbmdn
namedroppertest1630@mailinator.com,tergqufixny,tjmpnbwtdo
namedroppertest1631@mailinator.com,rxgitnyuqfe,dpjtwtnobm
namedroppertest1632@mailinator.com,ixgnqryfteu,twmpnjotbd
namedroppertest1633@mailinator.com,frguqynteix,mtbwjtdpon
namedroppertest1634@mailinator.com,gyfqxunetir,tjnomwdtpb
namedroppertest1635@mailinator.com,ifetuynxqgr,dptbwmtjno
namedroppertest1636@mailinator.com,erutqfgnxyi,ndjowtbmtp
namedroppertest1637@mailinator.com,ftiuxgqyren,pmtbodjtnw
namedroppertest1638@mailinator.com,fegqitynxru,tptjowmndb
namedroppertest1639@mailinator.com,yineqfugxrt,jpmwndtobt
namedroppertest1640@mailinator.com,xtgyeifunqr,ompwtdbtnj
namedroppertest1641@mailinator.com,frxqnygtuei,twbtmodjnp
namedroppertest1642@mailinator.com,xyutqrgnfie,jwboptdtnm
namedroppertest1643@mailinator.com,yitrfnxgequ,jptnwodmtb
namedroppertest1644@mailinator.com,exnyqgufirt,pwmodjbttn
namedroppertest1645@mailinator.com,irgtuqyxefn,mpjdotbwnt
namedroppertest1646@mailinator.com,tgxryueniqf,ntwbpdmtoj
namedroppertest1647@mailinator.com,qtniexrfgyu,pjbnmtdwto
namedroppertest1648@mailinator.com,qyixurtgfen,nwojdmtptb
namedroppertest1649@mailinator.com,qgnuxtryefi,ttwopmdjbn
namedroppertest1650@mailinator.com,tuyxnirgqfe,tjpmotndbw
namedroppertest1651@mailinator.com,frgqnuiytxe,jomdbnpttw
namedroppertest1652@mailinator.com,qiynefxgurt,wbdtpjtonm
namedroppertest1653@mailinator.com,fryugetniqx,tmnotpbwdj
namedroppertest1654@mailinator.com,gqyrxteniuf,otwtjdbpmn
namedroppertest1655@mailinator.com,gxfnritqeuy,mbdtjpwotn
namedroppertest1656@mailinator.com,fneiuxrqytg,odjmtnptwb
namedroppertest1657@mailinator.com,eixunytgrfq,notdtbjpwm
namedroppertest1658@mailinator.com,rxqityeufgn,todntbmpjw
namedroppertest1659@mailinator.com,gxiqfuyrent,nwtmodtjbp
namedroppertest1660@mailinator.com,ginrqfxyetu,djwmopbtnt
namedroppertest1661@mailinator.com,iuqxgnyfrte,ndptwmotbj
namedroppertest1662@mailinator.com,girxtnqfyeu,ptowdnjmtb
namedroppertest1663@mailinator.com,fetxqrigyun,mjtwpntdbo
namedroppertest1664@mailinator.com,iufytnrxqeg,bdpwtjotnm
namedroppertest1665@mailinator.com,ftygxeqniur,jnotbmpwdt
namedroppertest1666@mailinator.com,ifyegxqrunt,noptdbwjmt
namedroppertest1667@mailinator.com,yuxntirqfge,tmwtdojnbp
namedroppertest1668@mailinator.com,gunqryfitxe,tmwodtnbpj
namedroppertest1669@mailinator.com,qgenfritxuy,notbwjtdmp
namedroppertest1670@mailinator.com,exryfnquitg,mwjtnobptd
namedroppertest1671@mailinator.com,xtgrnfeiyuq,wtjdtobmpn
namedroppertest1672@mailinator.com,yqinturxgef,tpdbwjotnm
namedroppertest1673@mailinator.com,yrfueixqgtn,nwbmtjtodp
namedroppertest1674@mailinator.com,fneqgtriyxu,wbpjonmdtt
namedroppertest1675@mailinator.com,ruyngexfitq,tjtbnpmwod
namedroppertest1676@mailinator.com,tuxignyqfer,twbonpjdtm
namedroppertest1677@mailinator.com,grfuyexqnti,jbpodwmttn
namedroppertest1678@mailinator.com,tygurnfiqex,jmotwpbtdn
namedroppertest1679@mailinator.com,exuginfyrqt,ottpmwdjbn
namedroppertest1680@mailinator.com,iuqgeyftnxr,wmjnttdpbo
namedroppertest1681@mailinator.com,eqnxtfirguy,jtdmtonbwp
namedroppertest1682@mailinator.com,unqtxygiref,tdonbwmjtp
namedroppertest1683@mailinator.com,gentyqfurix,ttjompdwnb
namedroppertest1684@mailinator.com,tenyurgfixq,tobwdpnjmt
namedroppertest1685@mailinator.com,qifytnegxur,pdjmbtwnto
namedroppertest1686@mailinator.com,eifyngxutrq,tptmnjbowd
namedroppertest1687@mailinator.com,tynurxefqig,btwjopdtmn
namedroppertest1688@mailinator.com,rxnieqgufyt,ntbtjomdpw
namedroppertest1689@mailinator.com,irgyefxnuqt,mntdpwtojb
namedroppertest1690@mailinator.com,rnxuqfetyig,mwdotjbptn
namedroppertest1691@mailinator.com,fixguyrenqt,nmjbtdwotp
namedroppertest1692@mailinator.com,nixfureytgq,pdjomwnbtt
namedroppertest1693@mailinator.com,xgfnuyetriq,tdtobnwpjm
namedroppertest1694@mailinator.com,nxufqrietyg,omtwntdbpj
namedroppertest1695@mailinator.com,iunfxyrteqg,jtmndtwpbo
namedroppertest1696@mailinator.com,yeigtuxrfnq,ownbttdjmp
namedroppertest1697@mailinator.com,tefnxguiyrq,jdopmntbwt
namedroppertest1698@mailinator.com,getnxqrfuyi,obtjtdnwpm
namedroppertest1699@mailinator.com,tgnyqeurxfi,wtnbdmpjot
namedroppertest1700@mailinator.com,iqyuerxntgf,mnttdpwjob
namedroppertest1701@mailinator.com,yfqtgrunixe,wtmdnbjopt
namedroppertest1702@mailinator.com,irnyefxqgtu,tjopbdwtnm
namedroppertest1703@mailinator.com,nfreigtxuyq,btonpjmwdt
namedroppertest1704@mailinator.com,yregxfitunq,dtmonwbpjt
namedroppertest1705@mailinator.com,fgeiryntuxq,wjpnomdbtt
namedroppertest1706@mailinator.com,qgrxutinefy,obwmdtptnj
namedroppertest1707@mailinator.com,gneuirqxtyf,tjtmdnpbwo
namedroppertest1708@mailinator.com,qeytngrfixu,nopjttmbwd
namedroppertest1709@mailinator.com,eyxrgtuinfq,pndtjmotwb
namedroppertest1710@mailinator.com,yqnxufiterg,mjdpnbwtot
namedroppertest1711@mailinator.com,tyigxnfrueq,mdjbttpnow
namedroppertest1712@mailinator.com,tiqefxungyr,npbttodwjm
namedroppertest1713@mailinator.com,qfiugextnry,mtnpdbwtoj
namedroppertest1714@mailinator.com,yxfqieurngt,wbpmtjtnod
namedroppertest1715@mailinator.com,fyrneqgixut,twnodmtbjp
namedroppertest1716@mailinator.com,feigxqyntru,dtntwpmbjo
namedroppertest1717@mailinator.com,gtnxruefyqi,jbmotpwtdn
namedroppertest1718@mailinator.com,trifenygqxu,ompdnbttwj
namedroppertest1719@mailinator.com,fqygrxetnui,tbntdojmpw
namedroppertest1720@mailinator.com,grtfeuiyqnx,bmdotwnjpt
namedroppertest1721@mailinator.com,eixryfngqut,djpbnmottw
namedroppertest1722@mailinator.com,yxnefrtuiqg,pttdjbownm
namedroppertest1723@mailinator.com,xqfiturnegy,onbjtpdmtw
namedroppertest1724@mailinator.com,nytxiueqrfg,tpjdomtwnb
namedroppertest1725@mailinator.com,uxinyqrtegf,tdombptwnj
namedroppertest1726@mailinator.com,ytxuriqgfne,tjmtbpwodn
namedroppertest1727@mailinator.com,qnxiyfetugr,bnmojttpwd
namedroppertest1728@mailinator.com,nxteifrquyg,nwjtbdptom
namedroppertest1729@mailinator.com,ginrfyxueqt,tjbdnowpmt
namedroppertest1730@mailinator.com,fxergyqunti,mbwopndttj
namedroppertest1731@mailinator.com,itegfyxnuqr,bwtndmptjo
namedroppertest1732@mailinator.com,xfeiguyrtnq,mtnjpwdbto
namedroppertest1733@mailinator.com,ynueqfgxirt,nbpwjdmott
namedroppertest1734@mailinator.com,nriuqegtfyx,wotpmjtnbd
namedroppertest1735@mailinator.com,uneqrigfytx,wdmbtopnjt
namedroppertest1736@mailinator.com,qtuiynfrxeg,nwdpmotjtb
namedroppertest1737@mailinator.com,xtuyfqrgein,btpwmtdonj
namedroppertest1738@mailinator.com,girtynfqexu,pnjwbtdtom
namedroppertest1739@mailinator.com,guixnyqetrf,otjtnpbmwd
namedroppertest1740@mailinator.com,rxnguiteqfy,jpbmwtotnd
namedroppertest1741@mailinator.com,gyqretuxnif,nptmotbdjw
namedroppertest1742@mailinator.com,rtiegfnxuyq,pbwnotdjtm
namedroppertest1743@mailinator.com,tunegyirqfx,pwojmttdnb
namedroppertest1744@mailinator.com,qgexnrfyitu,tdbpjmntwo
namedroppertest1745@mailinator.com,nuyixgqefrt,bdjtntmpow
namedroppertest1746@mailinator.com,tnreufgixyq,tbjmotpdnw
namedroppertest1747@mailinator.com,rtxqfygieun,dobttjwmnp
namedroppertest1748@mailinator.com,irntqgfxyue,wdmtjtobpn
namedroppertest1749@mailinator.com,nxytguqirfe,wtotbdpnmj
namedroppertest1750@mailinator.com,etxinrugfyq,pbjnmwttod
namedroppertest1751@mailinator.com,gyrnxqutief,ptdmjbtwno
namedroppertest1752@mailinator.com,ternfygquxi,otmjwndbpt
namedroppertest1753@mailinator.com,ruxyeqfnitg,bnmotpwdjt
namedroppertest1754@mailinator.com,qieuftxnrgy,mbwtjontpd
namedroppertest1755@mailinator.com,yufnetrxgqi,ptnjodtmbw
namedroppertest1756@mailinator.com,itqxerfgnuy,jtmwnpdtbo
namedroppertest1757@mailinator.com,gufqertixyn,jpwmtobtnd
namedroppertest1758@mailinator.com,xnfreuytgiq,twtdjnmbop
namedroppertest1759@mailinator.com,tgxinyqfure,bwtmnptdjo
namedroppertest1760@mailinator.com,gnqiutrxyef,tnmbwptojd
namedroppertest1761@mailinator.com,ngqetfyurix,ttjnpbdowm
namedroppertest1762@mailinator.com,erigyqutfnx,dmtjbptwno
namedroppertest1763@mailinator.com,qgtieynufxr,tmowtjpbdn
namedroppertest1764@mailinator.com,gyfuexnirtq,mwptnjodtb
namedroppertest1765@mailinator.com,qergxfnyuti,tjnopdmwbt
namedroppertest1766@mailinator.com,xitqnurgyfe,otbpndtmwj
namedroppertest1767@mailinator.com,gqyxutnifer,jptbwtndom
namedroppertest1768@mailinator.com,nqtriyexufg,donmjwpbtt
namedroppertest1769@mailinator.com,ifyxrntuqge,jdpbtwomtn
namedroppertest1770@mailinator.com,tngqefxryiu,jptndmtbwo
namedroppertest1771@mailinator.com,egrutfxqiyn,tmonwtdbpj
namedroppertest1772@mailinator.com,rqgtyfneuxi,ojdwbmptnt
namedroppertest1773@mailinator.com,yrfguxtniqe,btnpdmjtow
namedroppertest1774@mailinator.com,engiqtrfuyx,twdtbmpjno
namedroppertest1775@mailinator.com,xnugeityqfr,dnpwobtjtm
namedroppertest1776@mailinator.com,tixueqnfgyr,tdbnmwjtpo
namedroppertest1777@mailinator.com,fequitgxnyr,otdmnptjbw
namedroppertest1778@mailinator.com,gqrnuytfeix,jwopnbtdtm
namedroppertest1779@mailinator.com,gqrinfteyxu,tbomjptdwn
namedroppertest1780@mailinator.com,xyingqeuftr,obmwpttdjn
namedroppertest1781@mailinator.com,nyfgruqxtie,dtbnptjowm
namedroppertest1782@mailinator.com,xrigquetnyf,wotjnbtpdm
namedroppertest1783@mailinator.com,qiueynxrfgt,bjwdotnmtp
namedroppertest1784@mailinator.com,xinegyufqrt,wjdttopmnb
namedroppertest1785@mailinator.com,yrtnqfgiuxe,bwjdnmtotp
namedroppertest1786@mailinator.com,rxnfuiyegqt,tnbtowmdjp
namedroppertest1787@mailinator.com,trinxgqfuey,mnpjtbwtdo
namedroppertest1788@mailinator.com,iexrytgqunf,nwtjpodtbm
namedroppertest1789@mailinator.com,rexuinyqtgf,tdojwbntpm
namedroppertest1790@mailinator.com,nrtuqfiegxy,tpnjdbtwom
namedroppertest1791@mailinator.com,qrigfyutexn,dmbpwotjnt
namedroppertest1792@mailinator.com,ngtqyrfeuix,btodjptnwm
namedroppertest1793@mailinator.com,yrxufngieqt,wjbntmdpot
namedroppertest1794@mailinator.com,tfnreguyiqx,ptmonwjtdb
namedroppertest1795@mailinator.com,geirxutfqyn,tntbmwdopj
namedroppertest1796@mailinator.com,xuenitfygqr,dontmjtpbw
namedroppertest1797@mailinator.com,trenfuyxiqg,ttdpjobwmn
namedroppertest1798@mailinator.com,xeuqyfrigtn,tjonbdmptw
namedroppertest1799@mailinator.com,yxerufntqig,dbtmwtpjno
namedroppertest1800@mailinator.com,tqufigenyrx,jdptbtmnow
namedroppertest1801@mailinator.com,gueqriyfxtn,tmwbnotdjp
namedroppertest1802@mailinator.com,ingyxfruteq,pjtnobwmdt
namedroppertest1803@mailinator.com,uryftiqnexg,jbtotpnmdw
namedroppertest1804@mailinator.com,uyigrfextnq,bptnojwmtd
namedroppertest1805@mailinator.com,igneytfqxur,mpwnobtdjt
namedroppertest1806@mailinator.com,ftuqygrniex,nodmjpwbtt
namedroppertest1807@mailinator.com,qugrfeintyx,tpbtjmwond
namedroppertest1808@mailinator.com,fqrnuxigety,bnojtwmtpd
namedroppertest1809@mailinator.com,nfergqxuyit,mjdttowbpn
namedroppertest1810@mailinator.com,qeiyrngxtuf,mtnpobdjwt
namedroppertest1811@mailinator.com,nxefirugtyq,ndttbmwpoj
namedroppertest1812@mailinator.com,ynueqrxfitg,tbnodtwjpm
namedroppertest1813@mailinator.com,qefiyutxnrg,mttjbwnopd
namedroppertest1814@mailinator.com,xigyetfqrun,wtompnbtdj
namedroppertest1815@mailinator.com,ixfqegtruyn,ntptjobmwd
namedroppertest1816@mailinator.com,uyingferxtq,mntwpotdjb
namedroppertest1817@mailinator.com,iryqfxgeutn,wbndjmttpo
namedroppertest1818@mailinator.com,rgtyiefqxnu,bptmnjdtwo
namedroppertest1819@mailinator.com,egqtxnufryi,wntmobjtdp
namedroppertest1820@mailinator.com,tyxqnirgefu,pbtjtomwnd
namedroppertest1821@mailinator.com,egyqfnturix,dbtompnjwt
namedroppertest1822@mailinator.com,eifyqugrxtn,jobptdntmw
namedroppertest1823@mailinator.com,tygefqnruxi,mdbjtnwpto
namedroppertest1824@mailinator.com,tirfgexnuqy,dbowttpmnj
namedroppertest1825@mailinator.com,gexiruqftyn,onpbjmwtdt
namedroppertest1826@mailinator.com,ngrtqeuyfix,wbtdjmnotp
namedroppertest1827@mailinator.com,quefxitnygr,wbtpnmtjdo
namedroppertest1828@mailinator.com,tnifeyugrqx,omjpnbttdw
namedroppertest1829@mailinator.com,nugxerytiqf,bjodnpttmw
namedroppertest1830@mailinator.com,urynxqfeitg,omtjwpbdtn
namedroppertest1831@mailinator.com,gxqnefrutyi,tdwjbnpmto
namedroppertest1832@mailinator.com,extgnqfiryu,tnmptobdjw
namedroppertest1833@mailinator.com,efqrtigunyx,dtmbwtpjno
namedroppertest1834@mailinator.com,uxyriqngfet,jwnpmdttob
namedroppertest1835@mailinator.com,nyerxtgiufq,mwtbjntpdo
namedroppertest1836@mailinator.com,yxiqgufenrt,nttbmpdwjo
namedroppertest1837@mailinator.com,gtuierxqnyf,npomjbwttd
namedroppertest1838@mailinator.com,rngxuteyfqi,dtobtpwjmn
namedroppertest1839@mailinator.com,eqgrutixnyf,opdjtmwtnb
namedroppertest1840@mailinator.com,qytfeugxnir,tmtndpowbj
namedroppertest1841@mailinator.com,txnyqfgueir,tdbwojmtpn
namedroppertest1842@mailinator.com,xtieyfnguqr,bwpotntmdj
namedroppertest1843@mailinator.com,infryxtgueq,otnmpdwjtb
namedroppertest1844@mailinator.com,tgryeifqnux,btmodnpwjt
namedroppertest1845@mailinator.com,gqxtinyuefr,btdmpjnwot
namedroppertest1846@mailinator.com,xtnqeifyrgu,tjbmdnwtop
namedroppertest1847@mailinator.com,qiygrntfuex,mpdwnbjott
namedroppertest1848@mailinator.com,uryfxeqnitg,mdjopbnttw
namedroppertest1849@mailinator.com,eyxqunftgir,dtjtnwpbmo
namedroppertest1850@mailinator.com,etqfiynrgxu,jbnmotwpdt
namedroppertest1851@mailinator.com,yfegnritqux,mjptwdtbno
namedroppertest1852@mailinator.com,rgtenuyxfiq,nowmbtdpjt
namedroppertest1853@mailinator.com,igeytqrunfx,wpjbmnottd
namedroppertest1854@mailinator.com,frieunqygxt,tpwjnbtdom
namedroppertest1855@mailinator.com,etfiryqngxu,motdtpbnjw
namedroppertest1856@mailinator.com,ryxnqitugfe,dmotnwbjpt
namedroppertest1857@mailinator.com,rnqftxeugyi,wpbmttojnd
namedroppertest1858@mailinator.com,gufqytenirx,ttdjmnbpow
namedroppertest1859@mailinator.com,etuyxgqfnri,omwnpjttbd
namedroppertest1860@mailinator.com,rtxfqigneuy,tbjdnpwomt
namedroppertest1861@mailinator.com,tryifqxngeu,otnwmtpjdb
namedroppertest1862@mailinator.com,tfgyexuiqrn,pwnmjbttdo
namedroppertest1863@mailinator.com,qxftyungrie,tobjpmdtwn
namedroppertest1864@mailinator.com,yrtngeuqixf,jtpbdotmwn
namedroppertest1865@mailinator.com,rqiugefynxt,tndbmojtpw
namedroppertest1866@mailinator.com,ntqreuxgfyi,tjdwobmntp
namedroppertest1867@mailinator.com,rngfyetuixq,pojwtbdnmt
namedroppertest1868@mailinator.com,efurixqntyg,ptdbjmtnwo
namedroppertest1869@mailinator.com,iqrnxtyugef,tmdnptobwj
namedroppertest1870@mailinator.com,trxguqyfine,jwntbotpdm
namedroppertest1871@mailinator.com,iufxyqetngr,tbwojmptdn
namedroppertest1872@mailinator.com,xirtnfeqyug,djmptnbwto
namedroppertest1873@mailinator.com,tqirygxunfe,pmodbttnjw
namedroppertest1874@mailinator.com,uqtxgiyfren,wpmtdnjbot
namedroppertest1875@mailinator.com,fntuyerxgqi,bpnwtjdmot
namedroppertest1876@mailinator.com,yquinftrxge,mjpdtwnbot
namedroppertest1877@mailinator.com,gyxqrutefni,nptmtojwbd
namedroppertest1878@mailinator.com,qyrfeigntux,nptjobtdmw
namedroppertest1879@mailinator.com,tryienufxgq,ntjodtwbmp
namedroppertest1880@mailinator.com,itgyxefurnq,mtodwbnptj
namedroppertest1881@mailinator.com,tuqyrgefnxi,tdwjnptomb
namedroppertest1882@mailinator.com,ntgrufxqiey,dmnttjowpb
namedroppertest1883@mailinator.com,tfygriexqun,womntdpjbt
namedroppertest1884@mailinator.com,gfinuexytrq,pbdwttonjm
namedroppertest1885@mailinator.com,eufyxrngiqt,djtmopbwnt
namedroppertest1886@mailinator.com,igfxrueyntq,tnowjtbpdm
namedroppertest1887@mailinator.com,yxrnuqitefg,jdtpnobtmw
namedroppertest1888@mailinator.com,yfigqneruxt,bjmttpodwn
namedroppertest1889@mailinator.com,tufgiernqxy,tbmdtjnpwo
namedroppertest1890@mailinator.com,eftuirgqxyn,ttbdpmnjwo
namedroppertest1891@mailinator.com,xuyrqneitgf,wtmpbdotnj
namedroppertest1892@mailinator.com,grqenfuyxit,bptntwjomd
namedroppertest1893@mailinator.com,fntxergiuqy,wpnbmottdj
namedroppertest1894@mailinator.com,tqnugyefrxi,ptndwobtjm
namedroppertest1895@mailinator.com,xqnugrfiety,nbjtwtmodp
namedroppertest1896@mailinator.com,iugefyxrnqt,btdmwntopj
namedroppertest1897@mailinator.com,tnfuqygeixr,twbdnptomj
namedroppertest1898@mailinator.com,ynrefxiutqg,bwjptdtonm
namedroppertest1899@mailinator.com,ifuexqrgtyn,pnwmotdbtj
namedroppertest1900@mailinator.com,ifxtuyqgnre,tjdbownmtp
namedroppertest1901@mailinator.com,egftrquinxy,tbmntwojpd
namedroppertest1902@mailinator.com,etrxgqyfnui,tdbtnjwopm
namedroppertest1903@mailinator.com,iufyxntreqg,jdnwtbmtop
namedroppertest1904@mailinator.com,gnituqfexry,mpwtntjodb
namedroppertest1905@mailinator.com,iegyquxtnfr,jpwtmntobd
namedroppertest1906@mailinator.com,iynxefrqutg,mtptwjdbon
namedroppertest1907@mailinator.com,tuqinyfgrex,jdtbpnmtow
namedroppertest1908@mailinator.com,fuqinetxygr,wmotjbdptn
namedroppertest1909@mailinator.com,frixgytuenq,dtmjnowptb
namedroppertest1910@mailinator.com,xgqnryfueti,btwotpmdnj
namedroppertest1911@mailinator.com,xtingueyrfq,dwpmnbotjt
namedroppertest1912@mailinator.com,tqxryfugein,dwonttjpmb
namedroppertest1913@mailinator.com,xentqgifryu,mwtbjopntd
namedroppertest1914@mailinator.com,qrugnifyext,nmpdotbjtw
namedroppertest1915@mailinator.com,egqxnfiyurt,dwmtpjontb
namedroppertest1916@mailinator.com,ernyiqfguxt,dntpjotwmb
namedroppertest1917@mailinator.com,yufrqiexntg,ntmdoptbjw
namedroppertest1918@mailinator.com,qefxyriutgn,nwmdbjotpt
namedroppertest1919@mailinator.com,xygtrifquen,mbpwonjttd
namedroppertest1920@mailinator.com,ftiqguxyrne,dpnwjtobmt
namedroppertest1921@mailinator.com,nyfeuxqrtig,tpdjnmowbt
namedroppertest1922@mailinator.com,tfiruxngeqy,nbojttdpwm
namedroppertest1923@mailinator.com,rqunxifyteg,pttjbmwdno
namedroppertest1924@mailinator.com,tugnqxifery,opmwtbdtjn
namedroppertest1925@mailinator.com,eyuqxtifgnr,pmbndjwott
namedroppertest1926@mailinator.com,feurqytinxg,jpbmttodnw
namedroppertest1927@mailinator.com,euqixnyrtfg,dmtpjonbwt
namedroppertest1928@mailinator.com,iqyxntegruf,dwbjptontm
namedroppertest1929@mailinator.com,qtxnyiefugr,tmwdopjbnt
namedroppertest1930@mailinator.com,rygtquixfen,onmjbpwdtt
namedroppertest1931@mailinator.com,fixqnrutyeg,ontbwjdtpm
namedroppertest1932@mailinator.com,qgiyfurntex,ntomjbptdw
namedroppertest1933@mailinator.com,uxgrtfynieq,tbwomtdpjn
namedroppertest1934@mailinator.com,qefiruygnxt,tbjmopdntw
namedroppertest1935@mailinator.com,trfiuyxgenq,mpbjwottdn
namedroppertest1936@mailinator.com,ifguxteqynr,jwnmbpotdt
namedroppertest1937@mailinator.com,ixryfteqnug,djttbwpnom
namedroppertest1938@mailinator.com,xntrfeguiyq,dnwojtpmtb
namedroppertest1939@mailinator.com,efinyrtguxq,nbmdptjotw
namedroppertest1940@mailinator.com,iqutnxygfre,dojmpbwttn
namedroppertest1941@mailinator.com,eryntfxuqgi,opdmntjwbt
namedroppertest1942@mailinator.com,yitgrqfeunx,otpbdmnwtj
namedroppertest1943@mailinator.com,uyirtnfexgq,dpbowjnttm
namedroppertest1944@mailinator.com,iqenrfxuytg,dnotmjtbwp
namedroppertest1945@mailinator.com,utqifrgxeyn,mtbpjwdnto
namedroppertest1946@mailinator.com,ugtirenqxyf,ttnojpbmdw
namedroppertest1947@mailinator.com,egriunyqfxt,tbdptnjowm
namedroppertest1948@mailinator.com,xryufnqtieg,npbtdmjotw
namedroppertest1949@mailinator.com,xeqinygruft,jmptntwdob
namedroppertest1950@mailinator.com,xfyiqurnegt,wontbpmdjt
namedroppertest1951@mailinator.com,neigquxtyrf,onmdpwtbjt
namedroppertest1952@mailinator.com,ugnfqyrtxie,tdjowmpbtn
namedroppertest1953@mailinator.com,nturgfiqxye,pontbjdmwt
namedroppertest1954@mailinator.com,exyrfutinqg,ttdwbmonpj
namedroppertest1955@mailinator.com,feyitrugxqn,pwmonbtdtj
namedroppertest1956@mailinator.com,itgfxquneyr,wjtptndmbo
namedroppertest1957@mailinator.com,qeyfixnutrg,btmjtdnwpo
namedroppertest1958@mailinator.com,ryeqtixfgnu,tmbptnwjdo
namedroppertest1959@mailinator.com,eniurytfqxg,tomjdtnpwb
namedroppertest1960@mailinator.com,enuxrfyitgq,npttbmjodw
namedroppertest1961@mailinator.com,guretqixyfn,ntwjboptdm
namedroppertest1962@mailinator.com,qngfetyxrui,wodjnmbptt
namedroppertest1963@mailinator.com,egnuqftiryx,jtdmbonpwt
namedroppertest1964@mailinator.com,xntgeyifqru,njbtmtpdwo
namedroppertest1965@mailinator.com,qxiyetrfnug,tdtponmjwb
namedroppertest1966@mailinator.com,xqntgfuyrie,dmpnowjbtt
namedroppertest1967@mailinator.com,geyintrqfxu,mtpwnbtodj
namedroppertest1968@mailinator.com,ufrnqxigety,pobdwjnmtt
namedroppertest1969@mailinator.com,xqyirunfget,wotdntjpbm
namedroppertest1970@mailinator.com,ngiexruqtfy,mttpwnbdoj
namedroppertest1971@mailinator.com,ntfiegrqxyu,tjpmwtnobd
namedroppertest1972@mailinator.com,rtuiqfynxge,dtobpjmwnt
namedroppertest1973@mailinator.com,euxfitrnyqg,npwdbjttmo
namedroppertest1974@mailinator.com,fyriuexgnqt,owdmjtbtpn
namedroppertest1975@mailinator.com,nytgqxirfue,bdotnptjmw
namedroppertest1976@mailinator.com,eginuxqfrty,tbdopwntmj
namedroppertest1977@mailinator.com,gnqexfryuti,mbjdotnwtp
namedroppertest1978@mailinator.com,ufxgerqtyni,npbtmdotwj
namedroppertest1979@mailinator.com,fugytxqenir,womtptndjb
namedroppertest1980@mailinator.com,ygfqxerinut,tmtnwdojbp
namedroppertest1981@mailinator.com,xetfuqginry,jbndptmwto
namedroppertest1982@mailinator.com,iquexfryntg,mjobdntwtp
namedroppertest1983@mailinator.com,xunqiegtfyr,bnomjtwdtp
namedroppertest1984@mailinator.com,uytnerxfgiq,wdjbmtnpto
namedroppertest1985@mailinator.com,ringuyqxtef,twnmjpotbd
namedroppertest1986@mailinator.com,ruqtngifxey,tdmntowbpj
namedroppertest1987@mailinator.com,frqgtnxyiue,wtnbmopdjt
namedroppertest1988@mailinator.com,giqutyrexnf,twjomdptnb
namedroppertest1989@mailinator.com,qntfeuiryxg,dtbopjtnwm
namedroppertest1990@mailinator.com,qxtureyngfi,dmtpbwtjno
namedroppertest1991@mailinator.com,yuxrtfeqing,tnwdmbtjop
namedroppertest1992@mailinator.com,qixfrteungy,bjdnmowtpt
namedroppertest1993@mailinator.com,ifrxnqtygeu,odbwjptnmt
namedroppertest1994@mailinator.com,gntqfruxeyi,otbnpmwjdt
namedroppertest1995@mailinator.com,enxryugitqf,tbjwnomtpd
namedroppertest1996@mailinator.com,ienutgxqrfy,tombwntjdp
namedroppertest1997@mailinator.com,nrtqeifgyux,bnojwtmtpd
namedroppertest1998@mailinator.com,gtiuqnyxerf,jdwmottbpn
namedroppertest1999@mailinator.com,ergfnxuyqti,pwbtjnomdt
namedroppertest2000@mailinator.com,uqrnyitxgfe,pnomjtdtbw
